group,total_score,rule_total_score,llm_total_score
G0,0.830619,0.767018,0.894220
G1,0.833083,0.815000,0.851165
G2,0.833853,0.812936,0.854771
G3,0.842187,0.832752,0.851621
G4,0.841628,0.836651,0.846606
G5,0.850702,0.845321,0.856083