group,difficulty,total_score,rule_total_score,llm_total_score
G3,easy,0.850192,0.831538,0.868846
G3,medium,0.847432,0.841081,0.853784
G3,hard,0.833443,0.826739,0.840146
G5,easy,0.850000,0.833846,0.866154
G5,medium,0.858784,0.852703,0.864865
G5,hard,0.844598,0.845870,0.843326